{
  "timestamp": "2026-02-06T21:05:38.164866",
  "config": {
    "dv_qubits": 4,
    "n_runs": 10,
    "warmup": 2
  },
  "cvdv": {
    "10": {
      "cv_dimension": 1024,
      "mean_ms": 11.672172500766465,
      "std_ms": 1.7231419977095386,
      "min_ms": 9.776086000783835,
      "max_ms": 14.952109999285312
    },
    "12": {
      "cv_dimension": 4096,
      "mean_ms": 13.49154760100646,
      "std_ms": 0.8176333703763842,
      "min_ms": 12.107227001251886,
      "max_ms": 14.499402001092676
    },
    "14": {
      "cv_dimension": 16384,
      "mean_ms": 20.875301400155877,
      "std_ms": 0.8141211097409707,
      "min_ms": 19.321578998642508,
      "max_ms": 22.307459999865387
    }
  },
  "bosonic": {
    "5": {
      "cv_dimension": 32,
      "mean_ms": 130.675334600528,
      "std_ms": 11.323977811268023,
      "min_ms": 116.00586700296844,
      "max_ms": 150.1175230005174
    },
    "6": {
      "cv_dimension": 64,
      "mean_ms": 323.35680260002846,
      "std_ms": 40.7191545537385,
      "min_ms": 286.6062069988402,
      "max_ms": 405.55622200190555
    },
    "7": {
      "cv_dimension": 128,
      "mean_ms": 1052.9323778999242,
      "std_ms": 21.903562045372677,
      "min_ms": 1018.1096039996191,
      "max_ms": 1096.961724000721
    }
  }
}