{
  "timestamp": "2026-02-06T20:48:40.511174",
  "config": {
    "dv_qubits": 4,
    "n_runs": 10,
    "warmup": 2
  },
  "cvdv": {
    "10": {
      "cv_dimension": 1024,
      "mean_ms": 10.630360301001929,
      "std_ms": 0.48190031796596694,
      "min_ms": 9.79684800040559,
      "max_ms": 11.357657000189647
    },
    "12": {
      "cv_dimension": 4096,
      "mean_ms": 14.36354189972917,
      "std_ms": 0.9011068692098718,
      "min_ms": 12.761422000039602,
      "max_ms": 15.419684998050798
    },
    "14": {
      "cv_dimension": 16384,
      "mean_ms": 21.08165320023545,
      "std_ms": 1.4656348436478492,
      "min_ms": 18.75964999999269,
      "max_ms": 24.13759300179663
    }
  },
  "bosonic": {
    "5": {
      "cv_dimension": 32,
      "mean_ms": 130.71230339955946,
      "std_ms": 20.073999116753757,
      "min_ms": 111.51746100222226,
      "max_ms": 181.75379799868097
    },
    "6": {
      "cv_dimension": 64,
      "mean_ms": 331.3884503993904,
      "std_ms": 50.45834481691207,
      "min_ms": 282.83451599781984,
      "max_ms": 430.177284997626
    },
    "7": {
      "cv_dimension": 128,
      "mean_ms": 1095.924431000094,
      "std_ms": 23.93640418392698,
      "min_ms": 1062.3228939984983,
      "max_ms": 1148.7282090020017
    }
  }
}