{
  "timestamp": "2026-02-07T14:12:53.610623",
  "config": {
    "dv_qubits": 4,
    "n_runs": 10,
    "warmup": 2
  },
  "cvdv": {
    "10": {
      "cv_dimension": 1024,
      "mean_ms": 11.581072100034362,
      "std_ms": 0.6406849596630292,
      "min_ms": 10.23342899952695,
      "max_ms": 12.603271000443783
    },
    "12": {
      "cv_dimension": 4096,
      "mean_ms": 12.958743600029266,
      "std_ms": 1.1900809707477926,
      "min_ms": 10.477136000190512,
      "max_ms": 14.412446999813255
    },
    "14": {
      "cv_dimension": 16384,
      "mean_ms": 20.68312050005261,
      "std_ms": 1.0297653980038148,
      "min_ms": 19.1678690007393,
      "max_ms": 22.623004999331897
    }
  },
  "bosonic": {
    "5": {
      "cv_dimension": 32,
      "mean_ms": 130.0584677000188,
      "std_ms": 9.908746752576967,
      "min_ms": 109.18621200016787,
      "max_ms": 144.73724599974958
    },
    "6": {
      "cv_dimension": 64,
      "mean_ms": 344.0936679000515,
      "std_ms": 39.65274173396846,
      "min_ms": 303.4656500003621,
      "max_ms": 408.7971179997112
    },
    "7": {
      "cv_dimension": 128,
      "mean_ms": 1067.6735887999712,
      "std_ms": 12.579418134754478,
      "min_ms": 1048.8393209998321,
      "max_ms": 1091.8963539998003
    }
  }
}