{
  "timestamp": "2026-04-07T00:07:15.422303",
  "config": {
    "dv_qubits": 4,
    "n_runs": 10,
    "warmup": 2
  },
  "cvdv": {
    "10": {
      "cv_dimension": 1024,
      "mean_ms": 2.6563233000615583,
      "std_ms": 0.03246743464905204,
      "min_ms": 2.56855399993583,
      "max_ms": 2.683304000129283
    },
    "12": {
      "cv_dimension": 4096,
      "mean_ms": 6.02678819996072,
      "std_ms": 0.1038591789175526,
      "min_ms": 5.938553999840224,
      "max_ms": 6.3168430001496745
    },
    "14": {
      "cv_dimension": 16384,
      "mean_ms": 15.080999199972211,
      "std_ms": 3.04334718387711,
      "min_ms": 12.544179000087752,
      "max_ms": 18.927377999716555
    }
  },
  "bosonic": {
    "5": {
      "cv_dimension": 32,
      "mean_ms": 124.90099409997129,
      "std_ms": 7.499472227312916,
      "min_ms": 112.30435299967212,
      "max_ms": 136.75366999996186
    },
    "6": {
      "cv_dimension": 64,
      "mean_ms": 352.7709445999335,
      "std_ms": 49.908395307232205,
      "min_ms": 297.88191999978153,
      "max_ms": 437.1641399998225
    },
    "7": {
      "cv_dimension": 128,
      "mean_ms": 1196.1576310000964,
      "std_ms": 136.4194520492978,
      "min_ms": 1067.4525419999554,
      "max_ms": 1492.940593000185
    }
  }
}