{
  "timestamp": "2026-03-17T14:29:30.868341",
  "config": {
    "dv_qubits": 4,
    "n_runs": 10,
    "warmup": 2
  },
  "cvdv": {
    "10": {
      "cv_dimension": 1024,
      "mean_ms": 8.442611799910082,
      "std_ms": 0.7042855945827926,
      "min_ms": 6.7522780009312555,
      "max_ms": 9.435930998733966
    },
    "12": {
      "cv_dimension": 4096,
      "mean_ms": 9.846082699368708,
      "std_ms": 0.5377658724805274,
      "min_ms": 9.034727998368908,
      "max_ms": 11.053957998228725
    },
    "14": {
      "cv_dimension": 16384,
      "mean_ms": 12.367972599167842,
      "std_ms": 0.674131583650022,
      "min_ms": 11.684891000186326,
      "max_ms": 14.168374997097999
    }
  },
  "bosonic": {
    "5": {
      "cv_dimension": 32,
      "mean_ms": 126.3415913002973,
      "std_ms": 13.622936240219035,
      "min_ms": 113.00413500066497,
      "max_ms": 157.7705870004138
    },
    "6": {
      "cv_dimension": 64,
      "mean_ms": 315.4110409996065,
      "std_ms": 39.53817117844912,
      "min_ms": 279.4449140019424,
      "max_ms": 398.34279299975606
    },
    "7": {
      "cv_dimension": 128,
      "mean_ms": 1078.9593546000106,
      "std_ms": 13.421474858830761,
      "min_ms": 1058.8208739973197,
      "max_ms": 1102.1313290002581
    }
  }
}