{
  "timestamp": "2026-04-14T19:10:37.303678",
  "config": {
    "dv_qubits": 4,
    "n_runs": 10,
    "warmup": 2
  },
  "cvdv": {
    "10": {
      "cv_dimension": 1024,
      "mean_ms": 1.3246476009953767,
      "std_ms": 0.2116570328927858,
      "min_ms": 1.1668030019791331,
      "max_ms": 1.883837001514621
    },
    "12": {
      "cv_dimension": 4096,
      "mean_ms": 3.0687184997077566,
      "std_ms": 0.15010319525848376,
      "min_ms": 2.8778359992429614,
      "max_ms": 3.353213000082178
    },
    "14": {
      "cv_dimension": 16384,
      "mean_ms": 9.071209000467206,
      "std_ms": 0.5905015037817395,
      "min_ms": 8.57033500142279,
      "max_ms": 10.73429800089798
    }
  },
  "bosonic": {
    "5": {
      "cv_dimension": 32,
      "mean_ms": 136.29271379904822,
      "std_ms": 19.892123641585435,
      "min_ms": 122.85280099968077,
      "max_ms": 193.74679399697925
    },
    "6": {
      "cv_dimension": 64,
      "mean_ms": 314.43936670002586,
      "std_ms": 36.23139689490332,
      "min_ms": 281.5970629999356,
      "max_ms": 417.78100699957577
    },
    "7": {
      "cv_dimension": 128,
      "mean_ms": 1160.0387900005444,
      "std_ms": 32.924229874715365,
      "min_ms": 1100.103646000207,
      "max_ms": 1204.9580089988012
    }
  }
}