{
  "timestamp": "2026-04-06T22:45:21.270340",
  "config": {
    "dv_qubits": 4,
    "n_runs": 10,
    "warmup": 2
  },
  "cvdv": {
    "10": {
      "cv_dimension": 1024,
      "mean_ms": 1.5621051999914926,
      "std_ms": 0.06989930960196028,
      "min_ms": 1.47006000042893,
      "max_ms": 1.7487240038462915
    },
    "12": {
      "cv_dimension": 4096,
      "mean_ms": 3.428178102331003,
      "std_ms": 0.19881361886914886,
      "min_ms": 3.265288003603928,
      "max_ms": 3.998562002379913
    },
    "14": {
      "cv_dimension": 16384,
      "mean_ms": 8.770893300970783,
      "std_ms": 0.0380346759118666,
      "min_ms": 8.713219001947436,
      "max_ms": 8.846919001371134
    }
  },
  "bosonic": {
    "5": {
      "cv_dimension": 32,
      "mean_ms": 142.0614637005201,
      "std_ms": 8.903289235693373,
      "min_ms": 130.8327879960416,
      "max_ms": 157.65228599775583
    },
    "6": {
      "cv_dimension": 64,
      "mean_ms": 327.16525749929133,
      "std_ms": 5.2467315621448405,
      "min_ms": 317.3100410058396,
      "max_ms": 337.2184030013159
    },
    "7": {
      "cv_dimension": 128,
      "mean_ms": 1184.2928624013439,
      "std_ms": 16.489630720772862,
      "min_ms": 1154.7856870020041,
      "max_ms": 1215.454014003626
    }
  }
}