{
  "timestamp": "2026-04-09T07:56:39.891589",
  "config": {
    "dv_qubits": 4,
    "n_runs": 10,
    "warmup": 2
  },
  "cvdv": {
    "10": {
      "cv_dimension": 1024,
      "mean_ms": 2.5737839999919743,
      "std_ms": 0.1649753727964415,
      "min_ms": 2.3915290000786626,
      "max_ms": 2.9897510000864713
    },
    "12": {
      "cv_dimension": 4096,
      "mean_ms": 3.799339900024279,
      "std_ms": 0.20474521936789913,
      "min_ms": 3.575120000050447,
      "max_ms": 4.187137000144503
    },
    "14": {
      "cv_dimension": 16384,
      "mean_ms": 8.75335310004175,
      "std_ms": 0.7609255961533642,
      "min_ms": 7.233592000147837,
      "max_ms": 9.316462000015235
    }
  },
  "bosonic": {
    "5": {
      "cv_dimension": 32,
      "mean_ms": 178.66485290001037,
      "std_ms": 13.732896411168902,
      "min_ms": 161.7259899999226,
      "max_ms": 215.31032500001857
    },
    "6": {
      "cv_dimension": 64,
      "mean_ms": 499.3521154999826,
      "std_ms": 48.1541374729887,
      "min_ms": 397.86312299997917,
      "max_ms": 536.320700000033
    },
    "7": {
      "cv_dimension": 128,
      "mean_ms": 2075.8403095000176,
      "std_ms": 69.59952048283691,
      "min_ms": 1975.7328289999805,
      "max_ms": 2218.545750999965
    }
  }
}