{
  "timestamp": "2026-04-06T22:51:00.726607",
  "config": {
    "dv_qubits": 4,
    "n_runs": 10,
    "warmup": 2
  },
  "cvdv": {
    "10": {
      "cv_dimension": 1024,
      "mean_ms": 1.4278348986408673,
      "std_ms": 0.03712143125305774,
      "min_ms": 1.3848460002918728,
      "max_ms": 1.501521997852251
    },
    "12": {
      "cv_dimension": 4096,
      "mean_ms": 3.4146505990065634,
      "std_ms": 0.24980084936989944,
      "min_ms": 3.1674310012022033,
      "max_ms": 3.9331099978880957
    },
    "14": {
      "cv_dimension": 16384,
      "mean_ms": 8.315332599158864,
      "std_ms": 0.10528277595074742,
      "min_ms": 8.166719999280758,
      "max_ms": 8.537977002561092
    }
  },
  "bosonic": {
    "5": {
      "cv_dimension": 32,
      "mean_ms": 132.63714510248974,
      "std_ms": 9.838338321421217,
      "min_ms": 118.94876799487974,
      "max_ms": 148.2549940046738
    },
    "6": {
      "cv_dimension": 64,
      "mean_ms": 319.1706368008454,
      "std_ms": 32.52033754789515,
      "min_ms": 296.8862849957077,
      "max_ms": 414.8220400020364
    },
    "7": {
      "cv_dimension": 128,
      "mean_ms": 1127.5225361016055,
      "std_ms": 21.94408547996211,
      "min_ms": 1087.4408780000522,
      "max_ms": 1172.6720220030984
    }
  }
}