{
  "timestamp": "2026-04-06T23:12:59.090335",
  "config": {
    "dv_qubits": 4,
    "n_runs": 10,
    "warmup": 2
  },
  "cvdv": {
    "10": {
      "cv_dimension": 1024,
      "mean_ms": 1.6000478999899315,
      "std_ms": 0.07401957743353686,
      "min_ms": 1.5130560000216065,
      "max_ms": 1.7898830000149246
    },
    "12": {
      "cv_dimension": 4096,
      "mean_ms": 3.493708600001355,
      "std_ms": 0.0914092194251647,
      "min_ms": 3.3284789999470377,
      "max_ms": 3.6913349999849743
    },
    "14": {
      "cv_dimension": 16384,
      "mean_ms": 8.949113900007433,
      "std_ms": 0.13389843173084504,
      "min_ms": 8.813437000071644,
      "max_ms": 9.309199999961493
    }
  },
  "bosonic": {
    "5": {
      "cv_dimension": 32,
      "mean_ms": 122.17295259997627,
      "std_ms": 8.464911273379034,
      "min_ms": 111.33845999995629,
      "max_ms": 139.0327519999346
    },
    "6": {
      "cv_dimension": 64,
      "mean_ms": 315.60449529999914,
      "std_ms": 46.19487552796872,
      "min_ms": 282.39806399994904,
      "max_ms": 408.4400929999674
    },
    "7": {
      "cv_dimension": 128,
      "mean_ms": 1081.7188314000077,
      "std_ms": 22.64510937301679,
      "min_ms": 1051.7772820001028,
      "max_ms": 1133.3705109999528
    }
  }
}