{
  "timestamp": "2026-04-07T00:04:26.835692",
  "config": {
    "dv_qubits": 4,
    "n_runs": 10,
    "warmup": 2
  },
  "cvdv": {
    "10": {
      "cv_dimension": 1024,
      "mean_ms": 2.5715789000059885,
      "std_ms": 0.1266864165730011,
      "min_ms": 2.341256999898178,
      "max_ms": 2.8103370000280847
    },
    "12": {
      "cv_dimension": 4096,
      "mean_ms": 6.119393599919931,
      "std_ms": 0.08128586096935714,
      "min_ms": 5.971797999791306,
      "max_ms": 6.242155000109051
    },
    "14": {
      "cv_dimension": 16384,
      "mean_ms": 15.836117900107638,
      "std_ms": 0.08054260096504028,
      "min_ms": 15.71018999993612,
      "max_ms": 15.99004599984255
    }
  },
  "bosonic": {
    "5": {
      "cv_dimension": 32,
      "mean_ms": 120.83009569996648,
      "std_ms": 6.851916042044592,
      "min_ms": 111.18131400007769,
      "max_ms": 136.84168300005695
    },
    "6": {
      "cv_dimension": 64,
      "mean_ms": 318.4056922999389,
      "std_ms": 32.18687254018337,
      "min_ms": 289.8088930000995,
      "max_ms": 404.7103199995945
    },
    "7": {
      "cv_dimension": 128,
      "mean_ms": 1051.7531916998905,
      "std_ms": 10.46039666461386,
      "min_ms": 1029.7236489996067,
      "max_ms": 1063.4653509996497
    }
  }
}